image_id,name,why
26,I-84 Wye (road weather view 1),ITD road-weather station camera
27,I-84 Wye (road weather view 2),ITD road-weather station camera
28,I-84 Wye (road weather view 3),ITD road-weather station camera
29,I-84 Wye (road weather view 4),ITD road-weather station camera
150,I-84 Northside Blvd (road weather view 1),ITD road-weather station camera
151,I-84 Northside Blvd (road weather view 2),ITD road-weather station camera
152,I-84 Northside Blvd (road weather view 3),ITD road-weather station camera
296,I-84 Caldwell (road weather view 1),ITD road-weather station camera
297,I-84 Caldwell (road weather view 2),ITD road-weather station camera
327,SH-55 Horseshoe Bend Hill (road weather view 1),ITD road-weather station camera
328,SH-55 Horseshoe Bend Hill (road weather view 2),ITD road-weather station camera
329,SH-55 Horseshoe Bend Hill (road weather view 3),ITD road-weather station camera
902,US-95 Ion Summit (road weather view 1),ITD road-weather station camera
903,US-95 Ion Summit (road weather view 2),ITD road-weather station camera
904,US-95 Ion Summit (road weather view 3),ITD road-weather station camera
929,I-84 Simco Rd (road weather view 1),ITD road-weather station camera
930,I-84 Simco Rd (road weather view 2),ITD road-weather station camera
931,I-84 Simco Rd (road weather view 3),ITD road-weather station camera
951,I-84 Eisenman Interchange (road weather view 1),ITD road-weather station camera
952,I-84 Eisenman Interchange (road weather view 2),ITD road-weather station camera
953,I-84 Eisenman Interchange (road weather view 3),ITD road-weather station camera
976,I-84 Broadway (road weather view 1),ITD road-weather station camera
977,I-84 Broadway (road weather view 2),ITD road-weather station camera
978,I-84 Broadway (road weather view 3),ITD road-weather station camera
981,SH-21 Highland Valley Summit (road weather view 1),ITD road-weather station camera
982,SH-21 Highland Valley Summit (road weather view 2),ITD road-weather station camera
983,SH-21 Highland Valley Summit (road weather view 3),ITD road-weather station camera
998,I-84 Kuna/Meridian (road weather view 1),ITD road-weather station camera
999,I-84 Kuna/Meridian (road weather view 2),ITD road-weather station camera
1000,I-84 Kuna/Meridian (road weather view 3),ITD road-weather station camera
